id,name,type,rti_status,portfolio_minister,rti_page_url,disclosure_log_url,disclosure_log_format,disclosure_log_url_evidence,verification_status,notes,search_status
aboriginal_heritage_council,Aboriginal Heritage Council,statutory,full,,,,unknown,,network_blocked_search_only,Aboriginal Heritage Act 1975 (memory). No body-specific search was run: the session-wide WebSearch budget (200) was exhausted after this agent's 51st search; all facts here are memory unless labelled.,not_searched
adc,Anti-Discrimination Commissioner (Equal Opportunity Tasmania),statutory,partial,,,,unknown,,network_blocked_search_only,,searched_none_found
adt,Anti-Discrimination Tribunal,statutory,partial,,,,unknown,,network_blocked_search_only,"abolished (memory: 2021-11-05), successor tascat. No body-specific search was run: the session-wide WebSearch budget (200) was exhausted after this agent's 51st search; all facts here are memory unless labelled.",not_searched
ambulance_tas,Ambulance Tasmania,business_unit,via_parent,"Health, Mental Health and Wellbeing (Bridget Archer)",,,unknown,,network_blocked_search_only,"Audit #3: a business unit / office inside a department, not a separate public authority; RTI applications go to the parent. Excluded from coverage counts; releases roll up to the parent. [original: Division of Department of Health (memory). No body-specific search was run: the session-wide WebSearch budget (200) was exhausted after this agent's 51st search; all facts here are memory unless labelled.]",not_searched
arts_tas,Arts Tasmania,business_unit,via_parent,the Arts (Roger Jaensch),,,unknown,,network_blocked_search_only,"Audit #3: a business unit / office inside a department, not a separate public authority; RTI applications go to the parent. Excluded from coverage counts; releases roll up to the parent. [original: Snippet Q6 describes Arts Tasmania's role. To TECT Dec 2026.]",not_searched
audit_office,Tasmanian Audit Office (Audit Tasmania) / Auditor-General,statutory,partial,,https://audit.tas.gov.au/rti/,,unknown,,network_blocked_search_only,Has its own RTI page despite s 6 exclusion (administration information). One snippet claimed s 53 requires Audit Tasmania to report on RTI administration - conflicts with memory (Minister/Justice reports annually) - UNCERTAIN.,not_searched
aurora,Aurora Energy,soc,full,Minister for Energy and Renewables,https://auroraenergy.com.au/about/who-we-are/about-us-charters-policies,,unknown,"Search summary says 'Aurora Energy's previous disclosures under Right to Information are available on their website', but no log URL returned. ABC 2026-05-20: Aurora 'would set them up' (snippet_verified, search summary).",network_blocked_search_only,"Application fee $49.00 as at 1 July 2026 (search summary). Tasmanian electricity/gas retailer; distribution business moved to TasNetworks 1 July 2014 (memory). Under privatisation assessment (May 2025, search summary).",searched_none_found
bcitb,Building and Construction Industry Training Board,statutory,full,,,,unknown,,network_blocked_search_only,Building and Construction Industry Training Fund Act 1990 (memory). No body-specific search was run: the session-wide WebSearch budget (200) was exhausted after this agent's 51st search; all facts here are memory unless labelled.,not_searched
bdm,"Registry of Births, Deaths and Marriages",business_unit,via_parent,,,,unknown,,network_blocked_search_only,"Audit #3: a business unit / office inside a department, not a separate public authority; RTI applications go to the parent. Excluded from coverage counts; releases roll up to the parent. [original:  No body-specific search was run: the session-wide WebSearch budget (200) was exhausted after this agent's 51st search; all facts here are memory unless labelled.]",not_searched
brand_tas,Brand Tasmania,statutory,full,,,,unknown,,network_blocked_search_only,Brand Tasmania Act 2018 (memory). No body-specific search was run: the session-wide WebSearch budget (200) was exhausted after this agent's 51st search; all facts here are memory unless labelled.,not_searched
break_oday_c,Break O'Day Council,council,full,Minister for Local Government (memory),https://www.bodc.tas.gov.au/council/right-to-information/,,unknown,,network_blocked_search_only,"St Helens. East coast; grouped with the north for regional purposes (memory). ABS LGA code (memory, unverified): 60210. No disclosure log seen in any snippet; the dedicated disclosure-log queries could not be run (search budget exhausted).",not_searched
brighton_c,Brighton Council,council,full,Minister for Local Government (memory),https://www.brighton.tas.gov.au/council/right-to-information/,,unknown,,network_blocked_search_only,"Listed on the Right to Know (righttoknow.org.au) platform. ABS LGA code (memory, unverified): 60410. No disclosure log seen in any snippet; the dedicated disclosure-log queries could not be run (search budget exhausted).",not_searched
building_tas,Building Tasmania,agency,full,Minister for Infrastructure and Transport / Housing and Planning / Local Government (Kerry Vincent); residual State Growth portfolios pending Dec 2026 split,,,unknown,,network_blocked_search_only,"Commenced 2026-07-02. Responsible for housing, roads, infrastructure; overseen by Kerry Vincent; Shane Gregory acting secretary (Pulse) vs Wikipedia infobox 'Craig Limkin' - UNCERTAIN. Stage two 2026-09-10: capital projects transferred in from other agencies. Homes Tasmania to join in Dec 2026. State Planning Office now part of it. Economic development (industry, energy, resources) to go to DPAC; tourism/events/creative/sport to TECT (3 Dec 2026). No RTI page or disclosure log found (Q47 returned nothing specific) - may still be on stategrowth domain. Also seen: https://engage.building.tas.gov.au/shaping-tasmania, contact page https://www.building.tas.gov.au/about-us/contact-us.",not_searched
burnie_cc,Burnie City Council,council,full,Minister for Local Government (memory),https://www.burnie.net/Council/Governance-Information/How-to-request-Council-information,,unknown,,network_blocked_search_only,"The RTI page result was on burnie.net; other Burnie results were on burnie.tas.gov.au. Confirm the canonical domain when the network opens. ABS LGA code (memory, unverified): 60610. No disclosure log seen in any snippet; the dedicated disclosure-log queries could not be run (search budget exhausted).",not_searched
business_tas,Business Tasmania,business_unit,via_parent,"Small Business (Guy Barnett) / Business, Industry and Resources (Felix Ellis)",,,unknown,,network_blocked_search_only,"Audit #3: a business unit / office inside a department, not a separate public authority; RTI applications go to the parent. Excluded from coverage counts; releases roll up to the parent. [original: Memory: State Growth service. No body-specific search was run: the session-wide WebSearch budget (200) was exhausted after this agent's 51st search; all facts here are memory unless labelled.]",not_searched
cbos,"Consumer, Building and Occupational Services",business_unit,via_parent,Consumer Affairs (Guy Barnett),,,unknown,,network_blocked_search_only,"Audit #3: a business unit / office inside a department, not a separate public authority; RTI applications go to the parent. Excluded from coverage counts; releases roll up to the parent. [original: Division of Justice (memory). Building-regulation functions could be affected by Building Tasmania MoG - UNCERTAIN.]",not_searched
ccyp,Commissioner for Children and Young People,statutory,partial,,,,unknown,,network_blocked_search_only,"Whether the 2018 amendment passed: memory says yes - UNCERTAIN. Post-Commission-of-Inquiry restructuring into a 'Commission for Children and Young People' (memory, date UNCERTAIN) not verified.",searched_none_found
central_coast_c,Central Coast Council,council,full,Minister for Local Government (memory),https://www.centralcoast.tas.gov.au/council/governance/strategies-plans-policies/right-to-information/,,unknown,,network_blocked_search_only,"Ulverstone. Postal RTI contact: Principal Officer Right to Information, PO Box 220, Ulverstone TAS 7315 (snippet_verified). Do not confuse with Central Coast Council NSW (centralcoast.nsw.gov.au). ABS LGA code (memory, unverified): 60810. No disclosure log seen in any snippet; the dedicated disclosure-log queries could not be run (search budget exhausted).",not_searched
central_highlands_c,Central Highlands Council,council,full,Minister for Local Government (memory),,,unknown,,network_blocked_search_only,"Hamilton/Bothwell. No RTI page URL was seen. Most results were for Central Highlands Regional Council (Qld, chrc.qld.gov.au), a different body. Council policies page: https://centralhighlands.tas.gov.au/council/council-policies/ (snippet_verified). ABS LGA code (memory, unverified): 61010. No disclosure log seen in any snippet; the dedicated disclosure-log queries could not be run (search budget exhausted).",not_searched
circular_head_c,Circular Head Council,council,full,Minister for Local Government (memory),https://www.circularhead.tas.gov.au/our-council/right-to-information,,unknown,,network_blocked_search_only,"Smithton. ABS LGA code (memory, unverified): 61210. No disclosure log seen in any snippet; the dedicated disclosure-log queries could not be run (search budget exhausted).",not_searched
cisve,"Creative Industries, Sport and Visitor Economy",business_unit,via_parent,,,,unknown,,network_blocked_search_only,"Audit #3: a business unit / office inside a department, not a separate public authority; RTI applications go to the parent. Excluded from coverage counts; releases roll up to the parent. [original: State Growth division coordinating tourism, events, arts, screen and sport (snippet Q6). Expected to become Tourism, Events and Creative Tasmania 2026-12-03.]",not_searched
clarence_cc,Clarence City Council,council,full,Minister for Local Government (memory),https://www.ccc.tas.gov.au/your-council/governance/right-to-information/,,unknown,,network_blocked_search_only,"Rosny Park. The snippet says it releases information through Annual and Quarterly reports. rti_contact_email governance@ccc.tas.gov.au is snippet_verified (snippet says the Application for Assessed Disclosure form is emailed to this address). ABS LGA code (memory, unverified): 61410. No disclosure log seen in any snippet; the dedicated disclosure-log queries could not be run (search budget exhausted).",not_searched
climate_change_office,Tasmanian Climate Change Office,business_unit,via_parent,,,,unknown,,network_blocked_search_only,"Audit #3: a business unit / office inside a department, not a separate public authority; RTI applications go to the parent. Excluded from coverage counts; releases roll up to the parent. [original: Memory: moved from DPAC into ReCFIT (State Growth) c. 2022; climate change function then moved from State Growth/Building Tasmania to NRE 2026-08-13 (snippet). abolished (absorbed), successor recfit then nre. No body-specific search was run: the session-wide WebSearch budget (200) was exhausted afte]",not_searched
communities_tas,Department of Communities Tasmania,agency,full,,https://www.communities.tas.gov.au/about-us/your-rights/right-to-information,https://www.communities.tas.gov.au/about-us/your-rights/right-to-information/right-to-information-disclosure-log,unknown,snippet_verified,network_blocked_search_only,"abolished 2022-12-01 (snippet_verified, Find & Connect), successors decyp (CYF, Youth Justice), homes_tas (housing), plus other receiving agencies (DPAC per memory; Health UNCERTAIN). Legacy disclosure log still indexed by search engines.",searched_found
community_corrections,Community Corrections,business_unit,via_parent,"Justice, Corrections and Rehabilitation (Guy Barnett)",,,unknown,,network_blocked_search_only,"Audit #3: a business unit / office inside a department, not a separate public authority; RTI applications go to the parent. Excluded from coverage counts; releases roll up to the parent. [original:  No body-specific search was run: the session-wide WebSearch budget (200) was exhausted after this agent's 51st search; all facts here are memory unless labelled.]",not_searched
coordinator_general,Office of the Coordinator-General,business_unit,via_parent,"Business, Industry and Resources (Felix Ellis) - UNCERTAIN",,,unknown,,network_blocked_search_only,"Audit #3: a business unit / office inside a department, not a separate public authority; RTI applications go to the parent. Excluded from coverage counts; releases roll up to the parent. [original: Memory: State Growth. Destination in 2026 MoG (DPAC economic development?) UNCERTAIN. No body-specific search was run: the session-wide WebSearch budget (200) was exhausted after this agent's 51st search; all facts here are memory unless labelled.]",not_searched
copping_jointauth,Copping Refuse Disposal Site Joint Authority,council_entity,UNCERTAIN,Minister for Local Government (memory),,,unknown,,network_blocked_search_only,Owners and trading name are from memory. Whether it was restructured into a regional waste body after the Waste and Resource Recovery Act 2022 is UNCERTAIN. No search could be run (budget exhausted).,not_searched
coroner,Coroners Court / Coroner,statutory,partial,,,,unknown,,network_blocked_search_only,Memory: Coronial Division of Magistrates Court.,searched_none_found
cradle_coast_authority,Cradle Coast Authority,council_entity,UNCERTAIN,Minister for Local Government (memory),,,unknown,,network_blocked_search_only,"Owners per memory: Burnie, Central Coast, Circular Head, Devonport, Kentish, King Island, Latrobe, Waratah-Wynyard, West Coast. It also hosts Cradle Coast NRM (memory). No search could be run (budget exhausted). A multi-council body, so parent_id is null.",not_searched
crown_law,Crown Law (Office of the Solicitor-General / Crown Solicitor),business_unit,via_parent,,,,unknown,,network_blocked_search_only,"Audit #3: a business unit / office inside a department, not a separate public authority; RTI applications go to the parent. Excluded from coverage counts; releases roll up to the parent. [original: Memory only. No body-specific search was run: the session-wide WebSearch budget (200) was exhausted after this agent's 51st search; all facts here are memory unless labelled.]",not_searched
custodial_inspector,Custodial Inspector,statutory,partial,,,,unknown,,network_blocked_search_only,Memory: Office co-located with Ombudsman.,searched_none_found
cyso_regulator,Independent Regulator (Child and Youth Safe Organisations),statutory,UNCERTAIN,,,,unknown,,network_blocked_search_only,Memory only. No body-specific search was run: the session-wide WebSearch budget (200) was exhausted after this agent's 51st search; all facts here are memory unless labelled.,not_searched
decyp,"Department for Education, Children and Young People",agency,full,Minister for Education; Children and Youth; Disability Services (?) (Jo Palmer),https://www.decyp.tas.gov.au/about-us/policies-legislation-data/legislation/rti/,https://decyp.tas.gov.au/about-us/policies-legislation-data/legislation/rti/right-to-information-disclosure-log/,unknown,snippet_verified,network_blocked_search_only,"Snippet: publishes within 48 hours. Responsible for govt schools, child and family learning centres, child safety/out-of-home care, youth justice, libraries and Tasmanian Archives (snippet Q31). Received DPAC functions 2026-07-30 (which ones UNCERTAIN - possibly Disability Services/Women).",searched_found
derwent_valley_c,Derwent Valley Council,council,full,Minister for Local Government (memory),https://www.derwentvalley.tas.gov.au/council/right-to-information,,unknown,,network_blocked_search_only,"New Norfolk. RTI Officer, PO Box 595, New Norfolk TAS 7140 (snippet_verified). rti_contact_email dvcouncil@dvc.tas.gov.au is snippet_verified (snippet gives it as the Right to Information Officer's email; it is a general council mailbox). ABS LGA code (memory, unverified): 61610. No disclosure log seen in any snippet; the dedicated disclosure-log queries could not be run (search budget exhausted).",not_searched
devonport_cc,Devonport City Council,council,full,Minister for Local Government (memory),https://www.devonport.tas.gov.au/council/governance/transparency-accountability/access-to-council-information/,,unknown,,network_blocked_search_only,"ABS LGA code (memory, unverified): 61810. No disclosure log seen in any snippet; the dedicated disclosure-log queries could not be run (search budget exhausted).",not_searched
dhhs,Department of Health and Human Services,agency,full,,,,unknown,,network_blocked_search_only,"abolished/renamed pre-2020 (memory: became Department of Health c. 2018; date UNCERTAIN, verification search failed on budget), successor health. Included for attribution of pre-2020 releases only. No body-specific search was run: the session-wide WebSearch budget (200) was exhausted after this agent's 51st search; all facts here are memory unless labelled.",not_searched
director_of_housing,Director of Housing,statutory,full,,,,unknown,,network_blocked_search_only,"abolished (memory: functions/assets to Homes Tasmania 2022-12-01; UNCERTAIN), successor homes_tas. No body-specific search was run: the session-wide WebSearch budget (200) was exhausted after this agent's 51st search; all facts here are memory unless labelled.",not_searched
doe,Department of Education,agency,full,,,,unknown,,network_blocked_search_only,"renamed Department for Education, Children and Young People (memory: Oct 2022; UNCERTAIN), successor decyp. No body-specific search was run: the session-wide WebSearch budget (200) was exhausted after this agent's 51st search; all facts here are memory unless labelled.",not_searched
dorset_c,Dorset Council,council,full,Minister for Local Government (memory),https://www.dorset.tas.gov.au/right-to-information-act-2009,,unknown,,network_blocked_search_only,"Scottsdale. RTI Officer, PO Box 21 Scottsdale TAS 7260 (snippet_verified). Do not confuse with Dorset Council UK. rti_contact_email dorset@dorset.tas.gov.au is snippet_verified (snippet says requests can be made to the RTI Officer at this address; it is a general mailbox). ABS LGA code (memory, unverified): 62010. No disclosure log seen in any snippet; the dedicated disclosure-log queries could not be run (search budget exhausted).",not_searched
dpac,Department of Premier and Cabinet,agency,full,"Premier (Jeremy Rockliff); also Community and Multicultural Affairs, Aboriginal Affairs, Veterans' Affairs, Women, Innovation/Science/Digital Economy (functions partly moved Jul 2026 - see mog_changes)",https://www.dpac.tas.gov.au/government-information/rti,https://www.dpac.tas.gov.au/rti/disclosure_log_departmental,unknown,snippet_verified,network_blocked_search_only,"Disclosure-log URL is an OLD-SITE path seen as result 'Information released under assessed disclosures (DPAC)' (Q44); DPAC migrated to a new CMS (/government-information/rti) so the log may now live under the new tree - UNCERTAIN which is current. Also seen: https://www.dpac.tas.gov.au/rti-archive (RTI archive), https://www.dpac.tas.gov.au/rti/what_is_right_to_information, RTI Information Disclosure Policy 2025 PDF https://www.dpac.tas.gov.au/__data/assets/pdf_file/0028/464068/Right-to-Information-Information-Disclosure-Policy-2025-4.PDF, and review page https://www.dpac.tas.gov.au/government-information/rti/review-of-the-right-to-information-framework (Getting Back on Track review, 43 recs, govt backs 32; released Mar 2026). DPAC also hosts the Ministers' (MPS) logs - see minister records. TasALERT RTI page https://alert.tas.gov.au/right-information-rti seen (Q40) - TasALERT is a whole-of-govt emergency site, owner agency UNCERTAIN (memory: DPAC). 2026 MoG: DPAC functions moved to Health (2 Jul), Justice (16 Jul), DECYP (30 Jul) - which functions is NOT stated in snippets; DPAC is to gain economic development incl. industry, energy and resources from Building Tasmania and to provide shared corporate services to Building Tasmania and TECT from 3 Dec 2026.",searched_found
dpfem,"Department of Police, Fire and Emergency Management",agency,full,"Minister for Police, Fire and Emergency Management (Felix Ellis)",https://www.police.tas.gov.au/information-disclosure/right-to-information-disclosures/,https://www.police.tas.gov.au/information-disclosure/right-to-information-disclosures/disclosures/disclosure-log/,unknown,snippet_verified,network_blocked_search_only,DPFEM RTI handled via Tasmania Police site (same log recorded on tas_police). Snippet: publishes within 48 hours for applications received after 9 June 2015; application fee $49.00 as at 1 July 2026. Tasmanian Fire and Emergency Services Bill out for consultation Aug 2026 (may restructure TFS/SES/State Fire Commission).,searched_found
dpipwe,"Department of Primary Industries, Parks, Water and Environment",agency,full,,,,unknown,,network_blocked_search_only,"abolished (renamed) - date UNCERTAIN (memory: late 2021/early 2022; verification search failed on budget), successor nre. Historical releases on dpipwe.tas.gov.au may now sit under nre.tas.gov.au. No body-specific search was run: the session-wide WebSearch budget (200) was exhausted after this agent's 51st search; all facts here are memory unless labelled.",not_searched
dpp,Office of the Director of Public Prosecutions,statutory,partial,,,,unknown,,network_blocked_search_only,Administration information only.,searched_none_found
dss,Digital Strategy and Services,business_unit,via_parent,"Innovation, Science and the Digital Economy (Felix Ellis)",,,unknown,,network_blocked_search_only,"Audit #3: a business unit / office inside a department, not a separate public authority; RTI applications go to the parent. Excluded from coverage counts; releases roll up to the parent. [original: Memory. No body-specific search was run: the session-wide WebSearch budget (200) was exhausted after this agent's 51st search; all facts here are memory unless labelled.]",not_searched
dulverton_waste,Dulverton Regional Waste Management Authority,council_entity,UNCERTAIN,Minister for Local Government (memory),,,unknown,,network_blocked_search_only,The exact legal name and whether it is a joint authority or a company are UNCERTAIN (memory only). No search could be run (budget exhausted).,not_searched
energy_ombudsman,Energy Ombudsman Tasmania,statutory,UNCERTAIN,,,,unknown,,network_blocked_search_only,Memory only. No body-specific search was run: the session-wide WebSearch budget (200) was exhausted after this agent's 51st search; all facts here are memory unless labelled.,not_searched
entura,Entura,other,partial,Minister for Energy and Renewables,,,unknown,none seen; applications presumably go to Hydro Tasmania (inferred),network_blocked_search_only,"Record kept only so the registry resolves the name; do NOT count as a separate public authority. Formerly Hydro Tasmania Consulting (memory, renamed c. 2010). Overseas subsidiaries (e.g. an Indian entity) exist per memory - not searched, and would not be RTI bodies (UNCERTAIN). Its future was questioned in the privatisation debate (Pulse Tasmania result title).",not_searched
epa,Environment Protection Authority Tasmania,statutory,full,Environment and Climate Change (Guy Barnett),,https://epa.tas.gov.au/about-the-epa/right-to-information/rti-disclosure-log,unknown,snippet_verified,network_blocked_search_only,Environmental Management and Pollution Control Act 1994 (memory). Has its own disclosure log.,searched_found
events_tas,Events Tasmania,business_unit,via_parent,"Tourism, Hospitality and Events (Roger Jaensch)",,,unknown,,network_blocked_search_only,"Audit #3: a business unit / office inside a department, not a separate public authority; RTI applications go to the parent. Excluded from coverage counts; releases roll up to the parent. [original: Snippet Q6 describes Events Tasmania.]",not_searched
flinders_c,Flinders Council,council,full,Minister for Local Government (memory),https://www.flinders.tas.gov.au/right-to-information,,unknown,,network_blocked_search_only,"Whitemark, Flinders Island. WARNING: Flinders Shire Council (Qld, flinders.qld.gov.au) has a disclosure log at https://www.flinders.qld.gov.au/our-governance/right-to-information/disclosure-log. That is a DIFFERENT body and must not be attributed to Flinders Council (Tas). ABS LGA code (memory, unverified): 62210. No disclosure log seen in any snippet; the dedicated disclosure-log queries could not be run (search budget exhausted).",not_searched
forest_practices_tribunal,Forest Practices Tribunal,statutory,UNCERTAIN,,,,unknown,,auditor_memory_unverified,Added per audit #5. UNVERIFIED.,not_searched
fpa,Forest Practices Authority,statutory,full,"Business, Industry and Resources (Felix Ellis) - UNCERTAIN",,,unknown,,network_blocked_search_only,Forest Practices Act 1985 (memory). Forest Practices Regulations consultation Aug 2026 (premier.tas.gov.au snippet Q25).,not_searched
fsst,Forensic Science Service Tasmania,business_unit,via_parent,,,,unknown,,network_blocked_search_only,"Audit #3: a business unit / office inside a department, not a separate public authority; RTI applications go to the parent. Excluded from coverage counts; releases roll up to the parent. [original: Memory: within DPFEM. No body-specific search was run: the session-wide WebSearch budget (200) was exhausted after this agent's 51st search; all facts here are memory unless labelled.]",not_searched
george_town_c,George Town Council,council,full,Minister for Local Government (memory),https://georgetown.tas.gov.au/right-to-information,,unknown,,network_blocked_search_only,"Do not confuse with George Town City Council (Penang, Malaysia). ABS LGA code (memory, unverified): 62410. No disclosure log seen in any snippet; the dedicated disclosure-log queries could not be run (search budget exhausted).",not_searched
glamorgan_spring_bay_c,Glamorgan Spring Bay Council,council,full,Minister for Local Government (memory),https://gsbc.tas.gov.au/council/council-governance/right-to-information/,,unknown,,network_blocked_search_only,"Triabunna. annual_report_url is the annual reports listing page (snippet_verified), not a single report. rti_contact_email admin@freycinet.tas.gov.au is snippet_verified (given on the RTI page as a general enquiries address, not a dedicated RTI address). ABS LGA code (memory, unverified): 62610. No disclosure log seen in any snippet; the dedicated disclosure-log queries could not be run (search budget exhausted).",not_searched
glenorchy_cc,Glenorchy City Council,council,full,Minister for Local Government (memory),https://www.gcc.tas.gov.au/council/governance-and-operations/privacy-and-rti/,,unknown,,network_blocked_search_only,"374 Main Road Glenorchy; PO Box 103 Glenorchy TAS 7010 (snippet_verified). rti_contact_email gccmail@gcc.tas.gov.au is snippet_verified (snippet says Application for Assessed Disclosure forms may be emailed here; it is a general mailbox). ABS LGA code (memory, unverified): 62810. No disclosure log seen in any snippet; the dedicated disclosure-log queries could not be run (search budget exhausted).",not_searched
governor,Governor of Tasmania (Office of the Governor),other,excluded,,,,unknown,,network_blocked_search_only,Governor Barbara Baker (snippet Q15).,not_searched
guardianship_board,Guardianship and Administration Board,statutory,full,,,,unknown,,network_blocked_search_only,"abolished (memory: 2021-11-05), successor tascat. Date UNCERTAIN. No body-specific search was run: the session-wide WebSearch budget (200) was exhausted after this agent's 51st search; all facts here are memory unless labelled.",not_searched
hcc,Health Complaints Commissioner Tasmania,statutory,partial,,,,unknown,,network_blocked_search_only,Website domain seen in Q45 results. Office historically co-located with Ombudsman (memory).,searched_none_found
health,Department of Health,agency,full,"Minister for Health, Mental Health and Wellbeing; Ageing (Bridget Archer)",https://www.health.tas.gov.au/about/routine-disclosures/right-information,https://www.health.tas.gov.au/about/routine-disclosures/right-information,per_release_pages,snippet_verified,network_blocked_search_only,Snippet: disclosure log is on the RTI page; individual releases have their own pages (e.g. https://www.health.tas.gov.au/about/routine-disclosures/right-information/right-information-no-rti202223-171) and PDFs (e.g. https://www.health.tas.gov.au/sites/default/files/2024-07/rti202324-507_-_disclosure_log.pdf) - hence per_release_pages. Publication discretionary. Legal Services contact phone (03) 6166 3770; email redacted in snippet. Policy PDF https://www.health.tas.gov.au/sites/default/files/2024-09/information_disclosure_under_the_right_to_information_act_2009_policy.pdf. Received DPAC functions 2026-07-02 (which ones UNCERTAIN - possibly Ageing).,searched_found
heritage_council,Tasmanian Heritage Council,statutory,full,"Heritage (Nick Duigan, from Jun 2026)",,,unknown,,network_blocked_search_only,Historic Cultural Heritage Act 1995 (memory); Heritage Tasmania in NRE. No body-specific search was run: the session-wide WebSearch budget (200) was exhausted after this agent's 51st search; all facts here are memory unless labelled.,not_searched
hobart_cc,Hobart City Council,council,full,Minister for Local Government (memory),https://www.hobartcity.com.au/Council/About-Council/Governance-and-transparency/Right-to-Information,,unknown,,network_blocked_search_only,"A DRAFT City of Hobart Information Disclosure Policy and Procedures was a council agenda attachment in October 2024: https://hobart.infocouncil.biz/Open/2024/10/CO_14102024_AGN_1907_AT_files/CO_14102024_AGN_1907_AT_Attachment_12405_2.PDF (snippet_verified). It may set out disclosure-log practice (not checked). Do not confuse with hobartok.gov (City of Hobart, Oklahoma). ABS LGA code (memory, unverified): 63010. No disclosure log seen in any snippet; the dedicated disclosure-log queries could not be run (search budget exhausted).",not_searched
homes_tas,Homes Tasmania,statutory,full,Housing and Planning (Kerry Vincent),,,unknown,,network_blocked_search_only,Homes Tasmania Act 2022 (memory). RTI email snippet_verified (Q50 summary); 'RTI decisions considered to be in the public interest will be published' - log URL not seen. Housing functions of Communities amalgamated 2022-12-01 (snippet). To transition into Building Tasmania in Dec 2026 (snippet Q9) - legal form after transition UNCERTAIN.,searched_none_found
house_of_assembly,House of Assembly,other,excluded,,,,unknown,,network_blocked_search_only,Only Ministers (not backbench/opposition MPs) are subject to RTI (DPAC snippet Q39). UNCERTAIN - verify s 6 text.,searched_none_found
huon_valley_c,Huon Valley Council,council,full,Minister for Local Government (memory),,,unknown,,network_blocked_search_only,"Huonville. No dedicated RTI page URL was seen. The snippet summary mentions an 'Access to Information Policy (CORP GOV 011)', but no URL was shown. ABS LGA code (memory, unverified): 63210. No disclosure log seen in any snippet; the dedicated disclosure-log queries could not be run (search budget exhausted).",searched_none_found
hydro,Hydro Tasmania,gbe,full,Minister for Energy and Renewables,https://www.hydro.com.au/about-us/our-governance/right-to-information,https://www.hydro.com.au/about-us/our-governance/right-to-information/right-to-information-disclosures,html_list,"snippet_verified (result URL, title 'Right to Information disclosures'); a second result URL https://www.hydro.com.au/right-information-disclosures (title 'Right to Information disclosures | Hydro Tasmania') was also returned - likely an alias/redirect (inferred). ABC 2026-05-20 cited Hydro's log as an example (snippet_verified, search summary).",network_blocked_search_only,"Slice b recorded format 'html_page_with_pdf_attachments' (snippet-derived); mapped to the html_list generic adapter. Verify on first poll. [original: Disclosure log format inferred from result URLs pointing at PDF decision letters (e.g. /docs/default-source/about-us/our-governance/request-to-information-(rti)/...pdf and /sites/default/files/2026-02/16-06-23-rti-decision-letter-...pdf), i.e. site migrated to a new CMS c. 2026 - old /docs/default-s]",searched_found
ifs,Inland Fisheries Service,statutory,full,Primary Industries and Water (Gavin Pearce),,,unknown,,network_blocked_search_only,Memory: separate agency/statutory service vs NRE division - UNCERTAIN. No body-specific search was run: the session-wide WebSearch budget (200) was exhausted after this agent's 51st search; all facts here are memory unless labelled.,not_searched
integrity_commission,Integrity Commission,statutory,partial,,https://www.integrity.tas.gov.au/about/rti,,unknown,,network_blocked_search_only,2026 context: former ministers Ogilvie and Howlett used taxpayer-funded legal fees in Supreme Court proceedings against the Integrity Commission (snippets Q15).,searched_none_found
jobs_tas,Jobs Tasmania,business_unit,via_parent,Skills and Jobs (Felix Ellis),,,unknown,,network_blocked_search_only,"Audit #3: a business unit / office inside a department, not a separate public authority; RTI applications go to the parent. Excluded from coverage counts; releases roll up to the parent. [original: Memory: State Growth. No body-specific search was run: the session-wide WebSearch budget (200) was exhausted after this agent's 51st search; all facts here are memory unless labelled.]",not_searched
justice,Department of Justice,agency,full,"Attorney-General; Minister for Justice, Corrections and Rehabilitation; Consumer Affairs (Guy Barnett)",https://www.justice.tas.gov.au/about-us/access-to-information,,unknown,,network_blocked_search_only,"Snippet: Department maintains a 'Disclosure Register' (not 'log'), publication within 48 hours - URL of the register not seen. RTI Policy https://www.justice.tas.gov.au/about-us/policies/right-to-information-policy and Procedures https://www.justice.tas.gov.au/about-us/policies/right-to-information-policy/right-to-information-procedures seen. Snippet: several independent statutory officers associated with Justice are s 6-excluded (except administration). Annual reports index https://www.justice.tas.gov.au/about-us/reports-publications/reports/annual-reports seen. Received DPAC functions 2026-07-16 (which ones UNCERTAIN).",searched_none_found
kentish_c,Kentish Council,council,full,Minister for Local Government (memory),,,unknown,,network_blocked_search_only,"Sheffield. No Kentish Council web page appeared in the results, so website is null (memory suggests kentish.tas.gov.au, unverified). Results were swamped by Kent County Council (UK). ABS LGA code (memory, unverified): 63410. No disclosure log seen in any snippet; the dedicated disclosure-log queries could not be run (search budget exhausted).",not_searched
king_island_c,King Island Council,council,full,Minister for Local Government (memory),https://kingisland.tas.gov.au/council/access-to-information/,,unknown,,network_blocked_search_only,"Currie. annual_report_url is the 2024/25 Annual Report PDF (snippet_verified). A 2023/24 draft is also indexed at https://kingisland.tas.gov.au/wp-content/uploads/20241119-REP-Annual-Report-Combined-2023-24-1.pdf. King Island is often grouped with the Cradle Coast/north-west region (memory). ABS LGA code (memory, unverified): 63810. No disclosure log seen in any snippet; the dedicated disclosure-log queries could not be run (search budget exhausted).",not_searched
kingborough_c,Kingborough Council,council,full,Minister for Local Government (memory),https://www.kingborough.tas.gov.au/council/right-to-information/,,unknown,,network_blocked_search_only,"Kingston. Release of Documents Policy 3.22 (Jan 2022) is indexed. An ABC article (28 Nov 2024) reported emails about the Kingston bus interchange; whether they were released under RTI was not confirmed. ABS LGA code (memory, unverified): 63610. No disclosure log seen in any snippet; the dedicated disclosure-log queries could not be run (search budget exhausted).",not_searched
land_tasmania,"Land Tasmania (Recorder of Titles, Surveyor-General)",business_unit,via_parent,,,,unknown,,network_blocked_search_only,"Audit #3: a business unit / office inside a department, not a separate public authority; RTI applications go to the parent. Excluded from coverage counts; releases roll up to the parent. [original: Memory. No body-specific search was run: the session-wide WebSearch budget (200) was exhausted after this agent's 51st search; all facts here are memory unless labelled.]",not_searched
latrobe_c,Latrobe Council,council,full,Minister for Local Government (memory),https://www.latrobe.tas.gov.au/council/publications/rof,,unknown,,network_blocked_search_only,"Its RTI information sheet PDF still reflects the 2023 fee of $44.50. ABS LGA code (memory, unverified): 64010. No disclosure log seen in any snippet; the dedicated disclosure-log queries could not be run (search budget exhausted).",not_searched
launceston_cc,City of Launceston,council,full,Minister for Local Government (memory),https://www.launceston.tas.gov.au/Council-Region/Access-to-Information,,unknown,,network_blocked_search_only,"The Disclosure of Information Policy PDF is indexed. It is a policy, not a disclosure log. ABS LGA code (memory, unverified): 64210. No disclosure log seen in any snippet; the dedicated disclosure-log queries could not be run (search budget exhausted).",not_searched
launceston_flood_authority,Launceston Flood Authority,council_entity,UNCERTAIN,,,,unknown,,auditor_memory_unverified,Added per audit #5. UNVERIFIED.,not_searched
law_society_tas,Law Society of Tasmania,other,partial,,,,unknown,,auditor_memory_unverified,Partial coverage per s 6.,not_searched
legal_aid,Legal Aid Commission of Tasmania,statutory,full,Attorney-General (Guy Barnett),https://www.legalaid.tas.gov.au/right-to-information/,,unknown,,network_blocked_search_only,Legal Aid Commission Act 1990 (memory).,not_searched
legal_profession_board,Legal Profession Board of Tasmania,statutory,full,,,,unknown,,network_blocked_search_only,Legal Profession Act 2007 (memory). No body-specific search was run: the session-wide WebSearch budget (200) was exhausted after this agent's 51st search; all facts here are memory unless labelled.,not_searched
legislative_council,Legislative Council,other,excluded,,,,unknown,,network_blocked_search_only,UNCERTAIN - verify s 6 text.,searched_none_found
legislature_general,Legislature-General / Tasmanian Parliamentary joint services,other,UNCERTAIN,,,,unknown,,network_blocked_search_only, No body-specific search was run: the session-wide WebSearch budget (200) was exhausted after this agent's 51st search; all facts here are memory unless labelled.,not_searched
lgat,Local Government Association of Tasmania,other,full,"Minister for Local Government (memory; LGAT is a member association, not in a portfolio. UNCERTAIN)",https://www.lgat.tas.gov.au/about-us/right-to-information,,unknown,,network_blocked_search_only,"The brief expected LGAT to be UNCERTAIN, but its own page says the RTI Act applies to it, so it is recorded as full. The statutory limb is still unverified. The snippet says LGAT discloses only information about its own operations.",searched_none_found
libraries_tas,Libraries Tasmania (incl. Tasmanian Archives),business_unit,via_parent,Education (Jo Palmer),,,unknown,,network_blocked_search_only,"Audit #3: a business unit / office inside a department, not a separate public authority; RTI applications go to the parent. Excluded from coverage counts; releases roll up to the parent. [original: Snippet Q31: DECYP covers libraries and the Tasmanian archives. Separate RTI handling not seen.]",not_searched
local_gov_division,Local Government Division / Office of Local Government,business_unit,via_parent,Local Government (Kerry Vincent),,,unknown,,network_blocked_search_only,"Audit #3: a business unit / office inside a department, not a separate public authority; RTI applications go to the parent. Excluded from coverage counts; releases roll up to the parent. [original: Memory: in DPAC. Whether moved to Building Tasmania in 2026 MoG UNCERTAIN. No body-specific search was run: the session-wide WebSearch budget (200) was exhausted after this agent's 51st search; all facts here are memory unless labelled.]",not_searched
local_government_board,Local Government Board,statutory,full,Local Government (Kerry Vincent),,,unknown,,network_blocked_search_only, No body-specific search was run: the session-wide WebSearch budget (200) was exhausted after this agent's 51st search; all facts here are memory unless labelled.,not_searched
magistrates_court,Magistrates Court of Tasmania,other,partial,,,,unknown,,network_blocked_search_only,,not_searched
maib,Motor Accidents Insurance Board,gbe,full,UNCERTAIN,,,unknown,"searched, none found",network_blocked_search_only,"Portfolio minister UNCERTAIN (memory suggests Treasurer/Minister for Finance or Infrastructure and Transport - not seen). Under privatisation assessment (May 2025, search summary).",not_searched
marine_farming_planning_review_panel,Marine Farming Planning Review Panel,statutory,UNCERTAIN,,,,unknown,,auditor_memory_unverified,Added per audit #5; relevant to salmon campaigns. UNVERIFIED.,not_searched
marinus_link,Marinus Link,other,UNCERTAIN,Minister for Energy and Renewables,,,unknown,not searched,network_blocked_search_only,Whole record is memory. Portfolio link to Tas Energy Minister is memory. Website is memory. High-priority item for a future verification run.,not_searched
mast,Marine and Safety Tasmania,statutory,full,Infrastructure and Transport (Kerry Vincent),,,unknown,,network_blocked_search_only,Marine and Safety Authority Act 1997 (memory). No body-specific search was run: the session-wide WebSearch budget (200) was exhausted after this agent's 51st search; all facts here are memory unless labelled.,not_searched
meander_valley_c,Meander Valley Council,council,full,Minister for Local Government (memory),https://www.meander.tas.gov.au/right-to-information-privacy,,unknown,,network_blocked_search_only,"Westbury. rti_contact_email mail@mvc.tas.gov.au is snippet_verified (general contact address given on the RTI & Privacy page). ABS LGA code (memory, unverified): 64610. No disclosure log seen in any snippet; the dedicated disclosure-log queries could not be run (search budget exhausted).",not_searched
mental_health_tribunal,Mental Health Tribunal,statutory,partial,,,,unknown,,network_blocked_search_only,"abolished (memory: 2021-11-05), successor tascat. No body-specific search was run: the session-wide WebSearch budget (200) was exhausted after this agent's 51st search; all facts here are memory unless labelled.",not_searched
metro,Metro Tasmania,soc,full,Minister for Infrastructure and Transport,,,unknown,not searched (search budget exhausted),network_blocked_search_only,"Website URL is memory. Under privatisation assessment (May 2025, search summary).",not_searched
min_abetz,"Eric Abetz MP, Treasurer",minister,full,Treasurer; Leader of the House; Macquarie Point Urban Renewal,,https://www.dpac.tas.gov.au/rti/disclosure_log_-_mps,unknown,snippet_verified,network_blocked_search_only,"Treasurer from Aug 2025 (Wikipedia snippet says 'assumed office 19 July 2025' vs ministry sworn 2025-08-11 - UNCERTAIN). Previously Business, Industry and Resources 2024-04-11 to 2025. Gaming regulation ministerial responsibility since Aug 2025 NOT found - UNCERTAIN whether Treasurer. Ministerial RTI administered by DPAC Ministerial and Parliamentary Support (MPS). MPS disclosure-log URL seen verbatim (Q40/Q44) at an old DPAC-site path; its role as the Ministers' log is inferred from the path name. Quarterly ministerial diaries and April/October routine disclosures at https://www.dpac.tas.gov.au/rti/MPS_routine_disclosure_log (snippet_verified). Profile pages seen under https://www.premier.tas.gov.au/your-government/.",not_searched
min_archer,Bridget Archer MP,minister,full,"Health, Mental Health and Wellbeing; Aboriginal Affairs; Ageing",,https://www.dpac.tas.gov.au/rti/disclosure_log_-_mps,unknown,snippet_verified,network_blocked_search_only,"Assumed office 2025-08-11 (snippet), succeeding Jacquie Petrusma. Ministerial RTI administered by DPAC Ministerial and Parliamentary Support (MPS). MPS disclosure-log URL seen verbatim (Q40/Q44) at an old DPAC-site path; its role as the Ministers' log is inferred from the path name. Quarterly ministerial diaries and April/October routine disclosures at https://www.dpac.tas.gov.au/rti/MPS_routine_disclosure_log (snippet_verified). Profile pages seen under https://www.premier.tas.gov.au/your-government/.",not_searched
min_barnett,"Guy Barnett MP, Deputy Premier",minister,full,"Deputy Premier; Attorney-General; Justice, Corrections and Rehabilitation; Small Business; Trade; Consumer Affairs; Environment and Climate Change (from Jun 2026)",,https://www.dpac.tas.gov.au/rti/disclosure_log_-_mps,unknown,snippet_verified,network_blocked_search_only,"Treasurer until Aug 2025 (snippet 'Barnett out as treasurer'). AG since 2023-10-02; Justice, Corrections and Rehabilitation since 2024-04-11 (snippets). Environment and Climate Change added in 5 Jun 2026 reshuffle. Ministerial RTI administered by DPAC Ministerial and Parliamentary Support (MPS). MPS disclosure-log URL seen verbatim (Q40/Q44) at an old DPAC-site path; its role as the Ministers' log is inferred from the path name. Quarterly ministerial diaries and April/October routine disclosures at https://www.dpac.tas.gov.au/rti/MPS_routine_disclosure_log (snippet_verified). Profile pages seen under https://www.premier.tas.gov.au/your-government/.",not_searched
min_duigan,Nick Duigan MLC,minister,full,Energy and Renewables; Parks; Sport; Heritage (from Jun 2026),,https://www.dpac.tas.gov.au/rti/disclosure_log_-_mps,unknown,snippet_verified,network_blocked_search_only,Retained Energy/Parks/Sport Aug 2025 ('will remain' - held before); Heritage added 5 Jun 2026. Ministerial RTI administered by DPAC Ministerial and Parliamentary Support (MPS). MPS disclosure-log URL seen verbatim (Q40/Q44) at an old DPAC-site path; its role as the Ministers' log is inferred from the path name. Quarterly ministerial diaries and April/October routine disclosures at https://www.dpac.tas.gov.au/rti/MPS_routine_disclosure_log (snippet_verified). Profile pages seen under https://www.premier.tas.gov.au/your-government/.,not_searched
min_ellis,Felix Ellis MP,minister,full,"Police, Fire and Emergency Management; Business, Industry and Resources (incl. forestry); Skills and Jobs; Innovation, Science and the Digital Economy (from Jun 2026)",,https://www.dpac.tas.gov.au/rti/disclosure_log_-_mps,unknown,snippet_verified,network_blocked_search_only,"Business, Industry and Resources from 2025-08-07 (announcement) per snippet; forestry announcements 2026 under his name (Q25). Ministerial RTI administered by DPAC Ministerial and Parliamentary Support (MPS). MPS disclosure-log URL seen verbatim (Q40/Q44) at an old DPAC-site path; its role as the Ministers' log is inferred from the path name. Quarterly ministerial diaries and April/October routine disclosures at https://www.dpac.tas.gov.au/rti/MPS_routine_disclosure_log (snippet_verified). Profile pages seen under https://www.premier.tas.gov.au/your-government/.",not_searched
min_howlett,Jane Howlett MP (former Minister),minister,full,"(former) Tourism, Hospitality and Events; Racing; Arts and Community and Multicultural Affairs (5-16 Jun 2026)",,https://www.dpac.tas.gov.au/rti/disclosure_log_-_mps,unknown,snippet_verified,network_blocked_search_only,"inactive: resigned 2026-06-16 (snippet) over publicly funded legal fees. Held Tourism, Hospitality and Events from 2025-08-07 (snippet). Ministerial RTI administered by DPAC Ministerial and Parliamentary Support (MPS). MPS disclosure-log URL seen verbatim (Q40/Q44) at an old DPAC-site path; its role as the Ministers' log is inferred from the path name. Quarterly ministerial diaries and April/October routine disclosures at https://www.dpac.tas.gov.au/rti/MPS_routine_disclosure_log (snippet_verified). Profile pages seen under https://www.premier.tas.gov.au/your-government/.",not_searched
min_jaensch,Roger Jaensch MP,minister,full,"Tourism, Hospitality and Events; Racing; Community and Multicultural Affairs; the Arts",,https://www.dpac.tas.gov.au/rti/disclosure_log_-_mps,unknown,snippet_verified,network_blocked_search_only,Sworn in 2026-06-17 after Howlett resignation (snippet). Previously Minister for Finance incl. liquor and gaming regulation from Oct 2024 (ABC 2024-10-30 snippet) until leaving cabinet Aug 2025. Ministerial RTI administered by DPAC Ministerial and Parliamentary Support (MPS). MPS disclosure-log URL seen verbatim (Q40/Q44) at an old DPAC-site path; its role as the Ministers' log is inferred from the path name. Quarterly ministerial diaries and April/October routine disclosures at https://www.dpac.tas.gov.au/rti/MPS_routine_disclosure_log (snippet_verified). Profile pages seen under https://www.premier.tas.gov.au/your-government/.,not_searched
min_ogilvie,Madeleine Ogilvie MP (former Minister),minister,full,"(former) Environment; Innovation, Science and the Digital Economy; Community and Multicultural Affairs; Arts and Heritage",,https://www.dpac.tas.gov.au/rti/disclosure_log_-_mps,unknown,snippet_verified,network_blocked_search_only,inactive: resigned from Cabinet 2026-05-29 or 2026-05-30 (snippets disagree - UNCERTAIN) amid allegations of misleading parliament; portfolios redistributed 2026-06-05. Kept for attribution of ministerial releases. Ministerial RTI administered by DPAC Ministerial and Parliamentary Support (MPS). MPS disclosure-log URL seen verbatim (Q40/Q44) at an old DPAC-site path; its role as the Ministers' log is inferred from the path name. Quarterly ministerial diaries and April/October routine disclosures at https://www.dpac.tas.gov.au/rti/MPS_routine_disclosure_log (snippet_verified). Profile pages seen under https://www.premier.tas.gov.au/your-government/.,not_searched
min_palmer,Jo Palmer MLC,minister,full,Education; Children and Youth; Disability Services; Women and the Prevention of Family and Sexual Violence,,https://www.dpac.tas.gov.au/rti/disclosure_log_-_mps,unknown,snippet_verified,network_blocked_search_only,"Women/Prevention of Family Violence: one snippet lists it in Aug 2025 ministry, ABC snippet says she was appointed to it and sworn in 2026-06-17 - UNCERTAIN who held it Aug 2025-Jun 2026. Ministerial RTI administered by DPAC Ministerial and Parliamentary Support (MPS). MPS disclosure-log URL seen verbatim (Q40/Q44) at an old DPAC-site path; its role as the Ministers' log is inferred from the path name. Quarterly ministerial diaries and April/October routine disclosures at https://www.dpac.tas.gov.au/rti/MPS_routine_disclosure_log (snippet_verified). Profile pages seen under https://www.premier.tas.gov.au/your-government/.",not_searched
min_pearce,Gavin Pearce MP,minister,full,Primary Industries and Water; Veterans' Affairs,,https://www.dpac.tas.gov.au/rti/disclosure_log_-_mps,unknown,snippet_verified,network_blocked_search_only,Assumed office 2025-08-11 (snippet). Ministerial RTI administered by DPAC Ministerial and Parliamentary Support (MPS). MPS disclosure-log URL seen verbatim (Q40/Q44) at an old DPAC-site path; its role as the Ministers' log is inferred from the path name. Quarterly ministerial diaries and April/October routine disclosures at https://www.dpac.tas.gov.au/rti/MPS_routine_disclosure_log (snippet_verified). Profile pages seen under https://www.premier.tas.gov.au/your-government/.,not_searched
min_rockliff,"Jeremy Rockliff MP, Premier",minister,full,Premier,,https://www.dpac.tas.gov.au/rti/disclosure_log_-_mps,unknown,snippet_verified,network_blocked_search_only,Premier since 2022-04-08 (memory). Holds no other portfolio in 3rd ministry (Examiner snippet Q32). Third Rockliff ministry sworn in 2025-08-11. Censured by House June 2026 (snippet). Ministerial RTI administered by DPAC Ministerial and Parliamentary Support (MPS). MPS disclosure-log URL seen verbatim (Q40/Q44) at an old DPAC-site path; its role as the Ministers' log is inferred from the path name. Quarterly ministerial diaries and April/October routine disclosures at https://www.dpac.tas.gov.au/rti/MPS_routine_disclosure_log (snippet_verified). Profile pages seen under https://www.premier.tas.gov.au/your-government/.,not_searched
min_vincent,Kerry Vincent MLC,minister,full,Infrastructure and Transport; Local Government; Housing and Planning,,https://www.dpac.tas.gov.au/rti/disclosure_log_-_mps,unknown,snippet_verified,network_blocked_search_only,MLC for Prosser. Infrastructure and Local Government since Oct 2024; Housing and Planning from 2025-08-07 (announcement date per snippet). Oversees Building Tasmania. Ministerial RTI administered by DPAC Ministerial and Parliamentary Support (MPS). MPS disclosure-log URL seen verbatim (Q40/Q44) at an old DPAC-site path; its role as the Ministers' log is inferred from the path name. Quarterly ministerial diaries and April/October routine disclosures at https://www.dpac.tas.gov.au/rti/MPS_routine_disclosure_log (snippet_verified). Profile pages seen under https://www.premier.tas.gov.au/your-government/.,not_searched
ministers_dpac_log,Ministers (DPAC ministerial disclosure log),minister,full,,,https://www.dpac.tas.gov.au/rti/disclosure_log_-_mps,unknown,snippet_verified,network_blocked_search_only,Entries are attributed to individual Minister records by matching Minister names in the entry (audit #9). [original: Synthetic owner record for the single DPAC-hosted ministerial disclosure log. Items are attributed to individual ministers by the adapter where the entry names the Minister.],not_searched
momentum,Momentum Energy,subsidiary,UNCERTAIN,Minister for Energy and Renewables,,,unknown,"searched, none found",network_blocked_search_only,"Melbourne-based mainland energy retailer (Vic/NSW/SA/Qld per search summary). Shareholder is Hydro, not Ministers directly, so shareholder_ministers left empty (inferred). A Victorian ESC retail licence page exists (result URL). Key open question for the registry: does the RTI Act s 5 'State-owned company' limb (or GBE Act definitions it borrows) extend to subsidiaries of GBEs? Resolve from the Act text when the network is opened.",not_searched
mpdc,Macquarie Point Development Corporation,statutory,full,Macquarie Point Urban Renewal (Eric Abetz),,,unknown,,network_blocked_search_only,Macquarie Point Development Corporation Act 2012 (memory). Portfolio created Aug 2025 (snippet Q32).,not_searched
mrt,Mineral Resources Tasmania,business_unit,via_parent,"Business, Industry and Resources (Felix Ellis)",,,unknown,,network_blocked_search_only,"Audit #3: a business unit / office inside a department, not a separate public authority; RTI applications go to the parent. Excluded from coverage counts; releases roll up to the parent. [original: Memory: State Growth division; 'resources functions' to DPAC (snippet), timing UNCERTAIN. No body-specific search was run: the session-wide WebSearch budget (200) was exhausted after this agent's 51st search; all facts here are memory unless labelled.]",not_searched
ngsrb,Non-Government Schools Registration Board,statutory,full,,,,unknown,,network_blocked_search_only,Education Act 2016 (memory). No body-specific search was run: the session-wide WebSearch budget (200) was exhausted after this agent's 51st search; all facts here are memory unless labelled.,not_searched
northern_midlands_c,Northern Midlands Council,council,full,Minister for Local Government (memory),,,unknown,,network_blocked_search_only,"Longford. No result was titled as an RTI page. The proactive-disclosure text probably comes from the 'Council Information' page, but that is UNCERTAIN, so rti_page_url is null. ABS LGA code (memory, unverified): 64810. No disclosure log seen in any snippet; the dedicated disclosure-log queries could not be run (search budget exhausted).",not_searched
nre,Department of Natural Resources and Environment Tasmania,agency,full,"Primary Industries and Water (Gavin Pearce); Environment and Climate Change (Guy Barnett, from Jun 2026); Parks and Heritage (Nick Duigan); Racing (Roger Jaensch)",https://nre.tas.gov.au/about-the-department/governance-policies-and-legislation/right-to-information,https://nre.tas.gov.au/about-the-department/governance-policies-and-legislation/rti-disclosure-log,unknown,snippet_verified,network_blocked_search_only,Email right2info@nre.tas.gov.au snippet_verified (Q41); logs for 2015-16 and 2016-17 available on request by email. Publishes within 48 hours. Application form PDF https://nre.tas.gov.au/Documents/RTI%20Application%20Form.pdf seen. Gains climate change function from Building Tasmania 2026-08-13. Formerly DPIPWE (rename date memory/UNCERTAIN - see mog_changes).,searched_found
ntdc,Northern Tasmania Development Corporation Ltd,council_entity,UNCERTAIN,,,,unknown,,network_blocked_search_only,"Its existence, members (memory: Launceston, West Tamar, George Town, Meander Valley, Northern Midlands, Dorset, Break O'Day, Flinders) and legal form are unverified. No search could be run (budget exhausted).",not_searched
office_aboriginal_affairs,Aboriginal Affairs (DPAC),business_unit,via_parent,Aboriginal Affairs (Bridget Archer),,,unknown,,network_blocked_search_only,"Audit #3: a business unit / office inside a department, not a separate public authority; RTI applications go to the parent. Excluded from coverage counts; releases roll up to the parent. [original: Office of Aboriginal Affairs moved from Communities to DPAC Dec 2022 (Find & Connect snippet lists it among Communities functions transferred; receiving agency memory). No body-specific search was run: the session-wide WebSearch budget (200) was exhausted after this agent's 51st search; all facts he]",not_searched
official_visitors,Official Visitors (Mental Health / Custodial),statutory,UNCERTAIN,,,,unknown,,network_blocked_search_only,Memory: Principal Official Visitor scheme administered from Ombudsman office. No body-specific search was run: the session-wide WebSearch budget (200) was exhausted after this agent's 51st search; all facts here are memory unless labelled.,not_searched
ombudsman,Ombudsman Tasmania,statutory,partial,,https://www.ombudsman.tas.gov.au/right-to-information,,unknown,,network_blocked_search_only,Also the RTI review body (external review decisions at https://www.ombudsman.tas.gov.au/right-to-information/reasons-for-decisions; publications https://www.ombudsman.tas.gov.au/right-to-information/rti-publications). Administration-only coverage for its own information.,searched_none_found
ori,Office of Racing Integrity,business_unit,via_parent,Racing (Roger Jaensch),,,unknown,,network_blocked_search_only,"Audit #3: a business unit / office inside a department, not a separate public authority; RTI applications go to the parent. Excluded from coverage counts; releases roll up to the parent. [original: Memory: in NRE; Director of Racing statutory office. Tasracing is a State-owned company (slice b). No body-specific search was run: the session-wide WebSearch budget (200) was exhausted after this agent's 51st search; all facts here are memory unless labelled.]",not_searched
osem,Office of Security and Emergency Management,business_unit,via_parent,,,,unknown,,network_blocked_search_only,"Audit #3: a business unit / office inside a department, not a separate public authority; RTI applications go to the parent. Excluded from coverage counts; releases roll up to the parent. [original: Memory. No body-specific search was run: the session-wide WebSearch budget (200) was exhausted after this agent's 51st search; all facts here are memory unless labelled.]",not_searched
otter,Office of the Tasmanian Economic Regulator,statutory,full,,,,unknown,,network_blocked_search_only,Economic Regulator Act 2009 (memory). No body-specific search was run: the session-wide WebSearch budget (200) was exhausted after this agent's 51st search; all facts here are memory unless labelled.,not_searched
pahsma,Port Arthur Historic Site Management Authority,gbe,full,UNCERTAIN,,,unknown,not searched (search budget exhausted),network_blocked_search_only,"Portfolio minister UNCERTAIN (memory: Minister for Environment/Parks/Heritage; historically Tourism). Manages Port Arthur, Coal Mines and Cascades Female Factory sites (memory). Website is memory. Retained in public hands per May 2025 review (search summary).",not_searched
parole_board,Parole Board of Tasmania,statutory,UNCERTAIN,,,,unknown,,network_blocked_search_only, No body-specific search was run: the session-wide WebSearch budget (200) was exhausted after this agent's 51st search; all facts here are memory unless labelled.,not_searched
poppy_advisory_control_board,Poppy Advisory and Control Board,statutory,UNCERTAIN,,,,unknown,,auditor_memory_unverified,Added per audit #5. UNVERIFIED.,not_searched
private_forests_tas,Private Forests Tasmania,statutory,full,"Business, Industry and Resources (Felix Ellis) - UNCERTAIN",,,unknown,,network_blocked_search_only,Private Forests Act 1994 (memory). No body-specific search was run: the session-wide WebSearch budget (200) was exhausted after this agent's 51st search; all facts here are memory unless labelled.,not_searched
public_guardian,Office of the Public Guardian,statutory,full,,,,unknown,,network_blocked_search_only,Guardianship and Administration Act 1995 (memory). No body-specific search was run: the session-wide WebSearch budget (200) was exhausted after this agent's 51st search; all facts here are memory unless labelled.,not_searched
public_trustee,Public Trustee,gbe,full,Attorney-General,https://www.publictrustee.tas.gov.au/about-us/governance/right-to-information/,,unknown,"none seen; ABC 2026-05-20: Public Trustee 'would set them up' (snippet_verified, search summary). The dedicated search for its log could not run (search budget exhausted).",network_blocked_search_only,Portfolio minister (Attorney-General) is memory. Retained in public hands per May 2025 review (search summary). [merged from slice state_bodies: Memory: a GBE under the GBE Act 1995 - DUPLICATE CANDIDATE with slice (b); dedupe on id.],not_searched
pws,Parks and Wildlife Service,business_unit,via_parent,Parks (Nick Duigan),,,unknown,,network_blocked_search_only,"Audit #3: a business unit / office inside a department, not a separate public authority; RTI applications go to the parent. Excluded from coverage counts; releases roll up to the parent. [original: Memory. No body-specific search was run: the session-wide WebSearch budget (200) was exhausted after this agent's 51st search; all facts here are memory unless labelled.]",not_searched
racing_appeals_board,Racing Appeals Board,statutory,UNCERTAIN,,,,unknown,,auditor_memory_unverified,Added per audit #5. UNVERIFIED.,not_searched
rbf_board,Retirement Benefits Fund Board,statutory,UNCERTAIN,,,,unknown,,network_blocked_search_only,Tasplan/Spirit Super are private super funds - likely not public authorities (UNCERTAIN). No body-specific search was run: the session-wide WebSearch budget (200) was exhausted after this agent's 51st search; all facts here are memory unless labelled.,not_searched
recfit,"Renewables, Climate and Future Industries Tasmania",business_unit,via_parent,Energy and Renewables (Nick Duigan),,,unknown,,network_blocked_search_only,"Audit #3: a business unit / office inside a department, not a separate public authority; RTI applications go to the parent. Excluded from coverage counts; releases roll up to the parent. [original: Memory: State Growth division. Climate change function to NRE 2026-08-13 (snippet); energy functions to DPAC economic development (timing UNCERTAIN). No body-specific search was run: the session-wide WebSearch budget (200) was exhausted after this agent's 51st search; all facts here are memory unles]",not_searched
rivers_water_supply_commission,Rivers and Water Supply Commission,statutory,UNCERTAIN,,,,unknown,,auditor_memory_unverified,Added per audit #5. UNVERIFIED; may be dormant.,not_searched
rmpat,Resource Management and Planning Appeal Tribunal,statutory,partial,,,,unknown,,network_blocked_search_only,"abolished (memory: 2021-11-05), successor tascat. No body-specific search was run: the session-wide WebSearch budget (200) was exhausted after this agent's 51st search; all facts here are memory unless labelled.",not_searched
rtbg,Royal Tasmanian Botanical Gardens,statutory,full,,,,unknown,,network_blocked_search_only,Royal Tasmanian Botanical Gardens Act 2002 (memory); Board of Directors. No body-specific search was run: the session-wide WebSearch budget (200) was exhausted after this agent's 51st search; all facts here are memory unless labelled.,not_searched
screen_tas,Screen Tasmania,business_unit,via_parent,the Arts (Roger Jaensch) - UNCERTAIN,,,unknown,,network_blocked_search_only,"Audit #3: a business unit / office inside a department, not a separate public authority; RTI applications go to the parent. Excluded from coverage counts; releases roll up to the parent. [original: Memory: within State Growth.]",not_searched
sentencing_advisory,Sentencing Advisory Council,business_unit,via_parent,,,,unknown,,network_blocked_search_only,"Audit #3: a business unit / office inside a department, not a separate public authority; RTI applications go to the parent. Excluded from coverage counts; releases roll up to the parent. [original:  No body-specific search was run: the session-wide WebSearch budget (200) was exhausted after this agent's 51st search; all facts here are memory unless labelled.]",not_searched
service_tas,Service Tasmania,business_unit,via_parent,,,,unknown,,network_blocked_search_only,"Audit #3: a business unit / office inside a department, not a separate public authority; RTI applications go to the parent. Excluded from coverage counts; releases roll up to the parent. [original: DPAC routine disclosure attachments name 'Service Tasmania activities' (snippet Q40).]",searched_none_found
ses,State Emergency Service,business_unit,via_parent,"Police, Fire and Emergency Management (Felix Ellis)",,,unknown,,network_blocked_search_only,"Audit #3: a business unit / office inside a department, not a separate public authority; RTI applications go to the parent. Excluded from coverage counts; releases roll up to the parent. [original: Division of DPFEM (memory). No body-specific search was run: the session-wide WebSearch budget (200) was exhausted after this agent's 51st search; all facts here are memory unless labelled.]",not_searched
skills_tas,Skills Tasmania,business_unit,via_parent,Skills and Jobs (Felix Ellis),,,unknown,,network_blocked_search_only,"Audit #3: a business unit / office inside a department, not a separate public authority; RTI applications go to the parent. Excluded from coverage counts; releases roll up to the parent. [original: Memory: State Growth. No body-specific search was run: the session-wide WebSearch budget (200) was exhausted after this agent's 51st search; all facts here are memory unless labelled.]",not_searched
solicitor_general,Solicitor-General of Tasmania,statutory,partial,,,,unknown,,network_blocked_search_only,Crown Law/Office of the Solicitor-General sits in Justice (memory).,not_searched
sorell_c,Sorell Council,council,full,Minister for Local Government (memory),https://www.sorell.tas.gov.au/right-to-information/,,unknown,,network_blocked_search_only,"ABS LGA code (memory, unverified): 65010. No disclosure log seen in any snippet; the dedicated disclosure-log queries could not be run (search budget exhausted).",not_searched
southern_midlands_c,Southern Midlands Council,council,full,Minister for Local Government (memory),https://www.southernmidlands.tas.gov.au/right-to-information-act/,,unknown,,network_blocked_search_only,"Oatlands. ABS LGA code (memory, unverified): 65210. No disclosure log seen in any snippet; the dedicated disclosure-log queries could not be run (search budget exhausted).",not_searched
southern_tas_regional_waste_authority,Southern Tasmanian Regional Waste Authority,council_entity,UNCERTAIN,Minister for Local Government (memory),,,unknown,,network_blocked_search_only,"LOW CONFIDENCE, memory only. Included so a verifier checks it. Delete if it does not exist. active=true is not verified. No search could be run (budget exhausted).",not_searched
southern_tasmanian_councils_authority,Southern Tasmanian Councils Authority,council_entity,UNCERTAIN,Minister for Local Government (memory),,,unknown,,network_blocked_search_only,"UNCERTAIN whether it still exists. Memory suggests it was wound up around 2020-21, but this was not verified. active is set to false only on memory. No search could be run (budget exhausted).",not_searched
sport_rec_tas,Sport and Recreation Tasmania,business_unit,via_parent,Sport (Nick Duigan),,,unknown,,network_blocked_search_only,"Audit #3: a business unit / office inside a department, not a separate public authority; RTI applications go to the parent. Excluded from coverage counts; releases roll up to the parent. [original: Memory. TECT to include all sport functions (snippet Q3).]",not_searched
stadiums_tas,Stadiums Tasmania,statutory,full,Sport (Nick Duigan) - UNCERTAIN,,,unknown,,network_blocked_search_only,Stadiums Tasmania Act 2022 (memory). No body-specific search was run: the session-wide WebSearch budget (200) was exhausted after this agent's 51st search; all facts here are memory unless labelled.,not_searched
state_fire_commission,State Fire Commission,statutory,full,"Police, Fire and Emergency Management (Felix Ellis)",,,unknown,,network_blocked_search_only,Fire Service Act 1979 body (memory). Tasmanian Fire and Emergency Services Bill consultation opened Aug 2026 (premier.tas.gov.au snippet) - may replace/restructure; UNCERTAIN. No body-specific search was run: the session-wide WebSearch budget (200) was exhausted after this agent's 51st search; all facts here are memory unless labelled.,not_searched
state_growth,Department of State Growth,agency,full,"(historical) Infrastructure; Business, Industry and Resources; Energy and Renewables; Tourism/Hospitality and Events; Arts; Sport; Skills and Jobs; Small Business; Trade",https://www.stategrowth.tas.gov.au/about/right_to_information/how_to_make_an_rti_application,https://www.stategrowth.tas.gov.au/about/right_to_information/disclosure_log,unknown,snippet_verified,network_blocked_search_only,Kept active for polling of the legacy stategrowth.tas.gov.au log until building_tas has its own log URL. [original: Renamed/transformed into Building Tasmania on 2026-07-02 (snippet_verified: Wikipedia 'Building Tasmania' and DPAC HoSS message). Successor: building_tas. Snippet: releases published within 2 working days. Whether the stategrowth.tas.gov.au disclosure log remains online/redirects after 2 Jul 2026 is],searched_found
state_planning_office,State Planning Office,business_unit,via_parent,Housing and Planning (Kerry Vincent),,,unknown,,network_blocked_search_only,"Audit #3: a business unit / office inside a department, not a separate public authority; RTI applications go to the parent. Excluded from coverage counts; releases roll up to the parent. [original: Moved from DPAC to Building Tasmania in 2026 (snippet 'will become part of Building Tasmania'; exact date UNCERTAIN, likely 2026-07-02). Formerly Planning Policy Unit (planningreform.tas.gov.au snippet; rename date UNCERTAIN).]",not_searched
stt,Sustainable Timber Tasmania,gbe,full,Minister for Resources,,,unknown,"log exists per ABC 2026-05-20 (snippet_verified, search summary) but URL not seen; sttas.com.au blocked",network_blocked_search_only,"Trading name adopted 2017 (memory; date 2017-07-01 supplied by caller, not seen). Portfolio minister title is memory (may now be styled Minister for Business, Industry and Resources). Under privatisation assessment (May 2025, search summary).",searched_none_found
supreme_court,Supreme Court of Tasmania,other,partial,,,,unknown,,network_blocked_search_only,Administrative support via Justice (memory).,searched_none_found
talc,Tasmanian Aboriginal Land Council,statutory,UNCERTAIN,,,,unknown,,network_blocked_search_only, No body-specific search was run: the session-wide WebSearch budget (200) was exhausted after this agent's 51st search; all facts here are memory unless labelled.,not_searched
tas_development_board,Tasmanian Development Board,statutory,full,,,,unknown,,network_blocked_search_only,Tasmanian Development Act 1983 (memory). No body-specific search was run: the session-wide WebSearch budget (200) was exhausted after this agent's 51st search; all facts here are memory unless labelled.,not_searched
tas_irrigation,Tasmanian Irrigation,soc,full,Minister for Primary Industries and Water,,,unknown,"searched, none found",network_blocked_search_only,"Website URL is memory (not seen). Portfolio minister title is memory. Under privatisation assessment (May 2025, search summary).",not_searched
tas_police,Tasmania Police (Police Service),other,full,"Police, Fire and Emergency Management (Felix Ellis)",https://www.police.tas.gov.au/information-disclosure/right-to-information-disclosures/,https://www.police.tas.gov.au/information-disclosure/right-to-information-disclosures/disclosures/disclosure-log/,unknown,snippet_verified,network_blocked_search_only,Assessed-disclosure page https://www.police.tas.gov.au/information-disclosure/right-to-information-disclosures/applications-for-assessed-disclosure/ seen. Right to Know has a body page https://www.righttoknow.org.au/body/tasmania_police.,searched_found
tas_prison_service,Tasmania Prison Service,business_unit,via_parent,"Justice, Corrections and Rehabilitation (Guy Barnett)",,,unknown,,network_blocked_search_only,"Audit #3: a business unit / office inside a department, not a separate public authority; RTI applications go to the parent. Excluded from coverage counts; releases roll up to the parent. [original:  No body-specific search was run: the session-wide WebSearch budget (200) was exhausted after this agent's 51st search; all facts here are memory unless labelled.]",not_searched
tasc,"Office of Tasmanian Assessment, Standards and Certification",statutory,full,,,,unknown,,network_blocked_search_only,Memory. No body-specific search was run: the session-wide WebSearch budget (200) was exhausted after this agent's 51st search; all facts here are memory unless labelled.,not_searched
tascat,Tasmanian Civil and Administrative Tribunal,other,partial,,,,unknown,,network_blocked_search_only,Memory: commenced 2021-11-05 amalgamating many tribunals/boards (see mog_changes). Date UNCERTAIN.,not_searched
tascorp,Tasmanian Public Finance Corporation,gbe,full,Treasurer,,,unknown,not searched (search budget exhausted),network_blocked_search_only,Whether Tascorp is currently in GBE Act Sch 1 or governed solely by its own Act is UNCERTAIN (memory: it was brought under the GBE Act; the Treasury list seen treats it as a GBE). Sole Minister = Treasurer (memory). Website is memory. Retained in public hands per May 2025 review (search summary). Much of its information would attract s 38 (business affairs) exemptions but it is not excluded. [merged from slice state_bodies: Memory. Possible overlap with slice (b). No body-specific search was run: the session-wide WebSearch budget (200) was exhausted after this agent's 51st search; all facts here are memory unless labelled.],not_searched
tasman_c,Tasman Council,council,full,Minister for Local Government (memory),https://www.tasman.tas.gov.au/council-documents/right-to-information/,,unknown,,network_blocked_search_only,"Nubeena. Do not confuse with Tasman District Council (NZ, tasman.govt.nz). ABS LGA code (memory, unverified): 65410. No disclosure log seen in any snippet; the dedicated disclosure-log queries could not be run (search budget exhausted).",searched_none_found
tasnetworks,TasNetworks,soc,full,Minister for Energy and Renewables,https://www.tasnetworks.com.au/Documents/Manual-documents/Policies/Right-to-Information-Policy,,unknown,none seen. A search summary said TasNetworks was among the businesses that had not responded to the Premier's disclosure-log request (UNCERTAIN - the ABC 'other nine' were not individually named in any output seen).,network_blocked_search_only,"Email and postal address (Right to Information Officer, PO Box 606, Moonah TAS 7009) from search summary of the RTI policy (snippet_verified, search summary). Formed 1 July 2014 from the merger of Transend Networks and Aurora Energy's distribution business (memory; Wikipedia 'Transend Networks' result returned but content not seen). Under privatisation assessment (May 2025, search summary). Marinus Link Pty Ltd was a TasNetworks subsidiary until restructured (memory) - see marinuslink.",searched_none_found
tasports,TasPorts,soc,full,Minister for Infrastructure and Transport,https://tasports.com.au/corporate,,unknown,"UNCERTAIN. Search summary of the Governance page says released information 'will be published online within 48 hours' and is 'accessible via the disclosure log', so a log appears to exist on or under https://tasports.com.au/corporate, but no distinct log URL was returned. A search summary also (without clear support) placed TasPorts among the nine non-responders as of May 2026 - conflicting.",network_blocked_search_only,"Fee 25 fee units ($47.75 'as at 1 July', year unspecified) per search summary. Right to Know body page: https://www.righttoknow.org.au/body/tasports (snippet_verified). Formed 2006 by merger of the four regional port companies (memory). Under privatisation assessment (May 2025, search summary).",searched_none_found
tasracing,Tasracing,soc,full,Minister for Racing,,https://tasracing.com.au/corporate/right-to-information-disclosure-log,unknown,"snippet_verified (result URL, title 'Right To Information Disclosure Log'). ABC 2026-05-20 (search summary): Tasracing 'would set them up' - so the log is likely new (post-May 2026).",network_blocked_search_only,Named in the March 2026 parliamentary disclosure-log motion (search summary). Retained in public hands per May 2025 review (search summary).,searched_found
tasrail,TasRail,soc,full,Minister for Infrastructure and Transport,https://www.tasrail.com.au/right-to-information,,unknown,"none seen; a search summary suggested TasRail had not responded to the Premier's request (UNCERTAIN, not individually named in output seen)",network_blocked_search_only,rti_contact_email NAA@tasrail.com.au is from a search summary ('TasRail's preference is that requests for information be made via email to NAA@tasrail.com.au') - the address looks like a rail-access mailbox and may be a summariser error; verify before use. Retained in public hands per May 2025 review (search summary).,not_searched
tastafe,TasTAFE,statutory,full,Skills and Jobs (Felix Ellis),,,unknown,,network_blocked_search_only,TasTAFE (Skills and Training Business) Act 2021 (memory). No body-specific search was run: the session-wide WebSearch budget (200) was exhausted after this agent's 51st search; all facts here are memory unless labelled.,not_searched
taswater,Tasmanian Water and Sewerage Corporation Pty Ltd,council_entity,full,Treasurer / Minister for Local Government (memory; UNCERTAIN),https://www.taswater.com.au/about-us/governance-and-policies/right-to-information-guidance,,unknown,not searched (search budget exhausted),network_blocked_search_only,"Slice (b) may also claim TasWater because the State is a shareholder, so dedupe across slices. It is placed here as council-owned. The ownership split and the Act's name are from memory. [merged from slice gbe_soc: Owned by Tasmanian councils; the State took up a minority shareholding under a 2018 agreement (memory, UNCERTAIN - not seen). Formed 1 July 2013 from merger of Ben Lomond Water, Cradle Mountain Water, Southern Water and the Onstream service company (memory). May belong in the council/local-government slice instead - dedupe. Website is memory.]",not_searched
tcf,Tasmanian Community Fund,statutory,full,,,,unknown,,network_blocked_search_only,Tasmanian Community Fund Act 2005; board appointed by Governor (memory). No body-specific search was run: the session-wide WebSearch budget (200) was exhausted after this agent's 51st search; all facts here are memory unless labelled.,not_searched
tec,Tasmanian Electoral Commission,statutory,full,,,,unknown,,network_blocked_search_only,Electoral Act 2004 (memory). No body-specific search was run: the session-wide WebSearch budget (200) was exhausted after this agent's 51st search; all facts here are memory unless labelled.,not_searched
tect,"Tourism, Events and Creative Tasmania",agency,UNCERTAIN,"Tourism, Hospitality and Events; the Arts (Roger Jaensch); Sport (Nick Duigan)",,,unknown,,network_blocked_search_only,PLANNED: to be established 2026-12-03 (snippet Q9); includes all sport functions. Name appears in two orders in snippets. Set active:false until commencement confirmed.,not_searched
teyf,Tasmanian Early Years Foundation,statutory,UNCERTAIN,,,,unknown,,network_blocked_search_only, No body-specific search was run: the session-wide WebSearch budget (200) was exhausted after this agent's 51st search; all facts here are memory unless labelled.,not_searched
tfs,Tasmania Fire Service,business_unit,via_parent,"Police, Fire and Emergency Management (Felix Ellis)",,,unknown,,network_blocked_search_only,"Audit #3: a business unit / office inside a department, not a separate public authority; RTI applications go to the parent. Excluded from coverage counts; releases roll up to the parent. [original: Operational arm of State Fire Commission within DPFEM (memory). No body-specific search was run: the session-wide WebSearch budget (200) was exhausted after this agent's 51st search; all facts here are memory unless labelled.]",not_searched
theatre_royal,Theatre Royal Management Board,statutory,full,the Arts (Roger Jaensch),,,unknown,,network_blocked_search_only,Memory. No body-specific search was run: the session-wide WebSearch budget (200) was exhausted after this agent's 51st search; all facts here are memory unless labelled.,not_searched
ths,Tasmanian Health Service,statutory,full,"Health, Mental Health and Wellbeing (Bridget Archer)",,,unknown,,network_blocked_search_only,"Memory: statutory body under Tasmanian Health Service Act 2018, operationally integrated in Department of Health; RTI handled by Department of Health. Separate-authority status UNCERTAIN. No body-specific search was run: the session-wide WebSearch budget (200) was exhausted after this agent's 51st search; all facts here are memory unless labelled.",not_searched
tic,Tasmanian Industrial Commission,statutory,UNCERTAIN,,,,unknown,,network_blocked_search_only,Memory only. No body-specific search was run: the session-wide WebSearch budget (200) was exhausted after this agent's 51st search; all facts here are memory unless labelled.,not_searched
tis,Tasmanian Institute of Sport,business_unit,via_parent,Sport (Nick Duigan),,,unknown,,network_blocked_search_only,"Audit #3: a business unit / office inside a department, not a separate public authority; RTI applications go to the parent. Excluded from coverage counts; releases roll up to the parent. [original: Memory: program of Sport and Recreation Tasmania, not separate statutory body - UNCERTAIN. No body-specific search was run: the session-wide WebSearch budget (200) was exhausted after this agent's 51st search; all facts here are memory unless labelled.]",not_searched
tlgc,Tasmanian Liquor and Gaming Commission,statutory,full,UNCERTAIN (Finance portfolio held by Jaensch Oct 2024-Aug 2025; no Finance minister identified in 3rd ministry),,https://www.treasury.tas.gov.au/about-us/corporate-governance/right-to-information/right-to-information-disclosure-log,unknown,inferred,network_blocked_search_only,"Audit #8: TLGC's log URL is Treasury's; polled once under treasury. [original: RTI for TLGC appears to be processed by Treasury (TLGC internal-review release hosted on treasury.tas.gov.au, Q26) - disclosure log inferred to be Treasury's. Campaign-relevant (pokies): Greens criticised 'pokies backdown' Sep 2026 (snippet).]",not_searched
tmag,Tasmanian Museum and Art Gallery,statutory,full,the Arts (Roger Jaensch),,,unknown,,network_blocked_search_only,Tasmanian Museum and Art Gallery Act 2017; Board of Trustees (memory). No body-specific search was run: the session-wide WebSearch budget (200) was exhausted after this agent's 51st search; all facts here are memory unless labelled.,not_searched
tourism_tas,Tourism Tasmania,statutory,full,"Tourism, Hospitality and Events (Roger Jaensch)",,,unknown,,network_blocked_search_only,Snippet: statutory authority since 1997; stand-alone State Authority from 1 July 2014. Relationship to TECT from Dec 2026 UNCERTAIN.,not_searched
tpc,Tasmanian Planning Commission,statutory,full,Housing and Planning (Kerry Vincent),https://www.planning.tas.gov.au/other-resources/right-to-information,https://www.planning.tas.gov.au/other-resources/right-to-information/right-to-information-disclosure-log,unknown,snippet_verified,network_blocked_search_only,Snippet: log provides information of wider public interest released under the Act.,searched_found
transend,Transend Networks,soc,full,Minister for Energy,,,unknown,,network_blocked_search_only,"Historical only. Merged with Aurora Energy's distribution network into Tasmanian Networks Pty Ltd, 1 July 2014 (memory). Successor: tasnetworks.",not_searched
trb,Teachers Registration Board of Tasmania,statutory,full,,,,unknown,,network_blocked_search_only,Teachers Registration Act 2000 (memory). No body-specific search was run: the session-wide WebSearch budget (200) was exhausted after this agent's 51st search; all facts here are memory unless labelled.,not_searched
treasury,Department of Treasury and Finance,agency,full,Treasurer (Eric Abetz),https://www.treasury.tas.gov.au/about-us/corporate-governance/right-to-information,https://www.treasury.tas.gov.au/about-us/corporate-governance/right-to-information/right-to-information-disclosure-log,unknown,snippet_verified,network_blocked_search_only,"Snippet: released information in broader public interest 'may be published within 48 hours'. Treasury also administers liquor and gaming regulation (Gaming Control Act, Liquor Licensing Act) and hosts TLGC material; an RTI internal-review release re TLGC player cards was seen at https://www.treasury.tas.gov.au/Documents/RTI%20-%20Internal%20Review%20-%20Meg%20Webb%20-%20Player%20Card%20Gaming%20(TLGC)%20-%20Final%20Information.pdf (Q26) - suggests releases are PDFs under /Documents/, but log page format not seen.",searched_found
tso,Tasmanian Symphony Orchestra,other,UNCERTAIN,,,,unknown,,network_blocked_search_only, No body-specific search was run: the session-wide WebSearch budget (200) was exhausted after this agent's 51st search; all facts here are memory unless labelled.,not_searched
ttline,Spirit of Tasmania (TT-Line Company),soc,full,Minister for Infrastructure and Transport,https://www.spiritoftasmania.com.au/company-information/corporate-information/policies/,,none,none. ABC (search summary): TT-Line 'doesn't have to keep a public log of RTI requests'; the March 2026 motion named TT-Line and Tasracing. Summary also says TT-Line publishes some RTI releases where in the public interest - CONFLICTING/UNCERTAIN.,network_blocked_search_only,Slice b recorded 'none_known'; normalised to none. Finding: no public log discovered. [original: Portfolio minister title is memory; historically TT-Line sat with Infrastructure and Transport. Retained in public hands per May 2025 review (search summary).],searched_none_found
utas,University of Tasmania,university,full,Minister for Education (memory; UNCERTAIN),https://www.utas.edu.au/legal-services/compliance/right-to-information,,unknown,,network_blocked_search_only,"There is a second RTI page under public reporting: https://www.utas.edu.au/about/governance-leadership-and-strategy/public-reporting/right-to-information (snippet_verified). A UTAS Legal Services letter on an RTI review (8 May 2025) is indexed at https://www.utas.edu.au/__data/assets/pdf_file/0009/1817451/Letter-RTI-review-8.5.25.pdf. The snippet gives the fee as 25 fee units ($47.75 as at 1 July 2025). Controlled entities (e.g. the University Foundation, commercial subsidiaries) were NOT enumerated and their status is UNCERTAIN. Menzies Institute and Australian Maritime College are internal institutes, not separate authorities (memory). [merged from slice state_bodies: Explicitly named in s 5. Probably belongs to another slice - dedupe.]",not_searched
valuer_general,Valuer-General,statutory,full,,,,unknown,,network_blocked_search_only,Memory: Office of the Valuer-General in NRE. No body-specific search was run: the session-wide WebSearch budget (200) was exhausted after this agent's 51st search; all facts here are memory unless labelled.,not_searched
veterinary_board_tas,Veterinary Board of Tasmania,statutory,UNCERTAIN,,,,unknown,,auditor_memory_unverified,Added per audit #5. UNVERIFIED.,not_searched
waratah_wynyard_c,Waratah-Wynyard Council,council,full,Minister for Local Government (memory),https://www.warwyn.tas.gov.au/governance/transparency-and-accountability/,,unknown,,network_blocked_search_only,"Wynyard. ABS LGA code (memory, unverified): 65610. No disclosure log seen in any snippet; the dedicated disclosure-log queries could not be run (search budget exhausted).",not_searched
wellington_park,Wellington Park Management Trust,statutory,full,,,,unknown,,network_blocked_search_only,Wellington Park Act 1993 (memory). No body-specific search was run: the session-wide WebSearch budget (200) was exhausted after this agent's 51st search; all facts here are memory unless labelled.,not_searched
west_coast_c,West Coast Council,council,full,Minister for Local Government (memory),,,unknown,,network_blocked_search_only,"Queenstown. No dedicated RTI page URL was seen. The RTI form is probably on the forms-and-applications page (UNCERTAIN). rti_contact_email wcc@westcoast.tas.gov.au is snippet_verified (general council contact address, not a dedicated RTI address). ABS LGA code (memory, unverified): 65810. No disclosure log seen in any snippet; the dedicated disclosure-log queries could not be run (search budget exhausted).",not_searched
west_tamar_c,West Tamar Council,council,full,Minister for Local Government (memory),,,unknown,,network_blocked_search_only,"Riverside. The RTI text probably comes from the Governance page (https://www.wtc.tas.gov.au/council/governance/), but that is UNCERTAIN, so rti_page_url is null. ABS LGA code (memory, unverified): 66010. No disclosure log seen in any snippet; the dedicated disclosure-log queries could not be run (search budget exhausted).",not_searched
workcover_board,WorkCover Tasmania Board,statutory,full,,,,unknown,,network_blocked_search_only,Workers Rehabilitation and Compensation Act 1988 (memory). Current name UNCERTAIN. No body-specific search was run: the session-wide WebSearch budget (200) was exhausted after this agent's 51st search; all facts here are memory unless labelled.,not_searched
worksafe,WorkSafe Tasmania,business_unit,via_parent,,,,unknown,,network_blocked_search_only,"Audit #3: a business unit / office inside a department, not a separate public authority; RTI applications go to the parent. Excluded from coverage counts; releases roll up to the parent. [original: Memory: Workplace Standards/WorkSafe within Justice. No body-specific search was run: the session-wide WebSearch budget (200) was exhausted after this agent's 51st search; all facts here are memory unless labelled.]",not_searched
